District,Division,Msa
13013180103,RVMPO,RVMPO
13013180104,RVMPO,RVMPO
13013180105,RVMPO,RVMPO
13013180106,RVMPO,RVMPO
13013180107,RVMPO,RVMPO
13013180108,RVMPO,RVMPO
13013180203,RVMPO,RVMPO
13013180204,RVMPO,RVMPO
13013180205,RVMPO,RVMPO
13013180206,RVMPO,RVMPO
13013180301,RVMPO,RVMPO
13013180302,RVMPO,RVMPO
13013180303,RVMPO,RVMPO
13013180401,RVMPO,RVMPO
13013180402,RVMPO,RVMPO
13013180501,RVMPO,RVMPO
13013180502,RVMPO,RVMPO
13013180503,RVMPO,RVMPO
13015960101,RVMPO,RVMPO
13015960102,RVMPO,RVMPO
13015960200,RVMPO,RVMPO
13015960300,RVMPO,RVMPO
13015960401,RVMPO,RVMPO
13015960402,RVMPO,RVMPO
13015960500,RVMPO,RVMPO
13015960600,RVMPO,RVMPO
13015960700,RVMPO,RVMPO
13015960801,RVMPO,RVMPO
13015960802,RVMPO,RVMPO
13015960803,RVMPO,RVMPO
13015960901,RVMPO,RVMPO
13015960902,RVMPO,RVMPO
13015961000,RVMPO,RVMPO
13045910101,RVMPO,RVMPO
13045910103,RVMPO,RVMPO
13045910104,RVMPO,RVMPO
13045910200,RVMPO,RVMPO
13045910300,RVMPO,RVMPO
13045910400,RVMPO,RVMPO
13045910501,RVMPO,RVMPO
13045910502,RVMPO,RVMPO
13045910600,RVMPO,RVMPO
13045910701,RVMPO,RVMPO
13045910702,RVMPO,RVMPO
13045910703,RVMPO,RVMPO
13045910800,RVMPO,RVMPO
13045910900,RVMPO,RVMPO
13045911000,RVMPO,RVMPO
13045911100,RVMPO,RVMPO
13045911200,RVMPO,RVMPO
13057090100,RVMPO,RVMPO
13057090200,RVMPO,RVMPO
13057090300,RVMPO,RVMPO
13057090400,RVMPO,RVMPO
13057090501,RVMPO,RVMPO
13057090502,RVMPO,RVMPO
13057090601,RVMPO,RVMPO
13057090602,RVMPO,RVMPO
13057090701,RVMPO,RVMPO
13057090702,RVMPO,RVMPO
13057090802,RVMPO,RVMPO
13057090803,RVMPO,RVMPO
13057090804,RVMPO,RVMPO
13057090901,RVMPO,RVMPO
13057090902,RVMPO,RVMPO
13057090904,RVMPO,RVMPO
13057090905,RVMPO,RVMPO
13057091001,RVMPO,RVMPO
13057091003,RVMPO,RVMPO
13057091005,RVMPO,RVMPO
13057091006,RVMPO,RVMPO
13057091007,RVMPO,RVMPO
13057091008,RVMPO,RVMPO
13057091101,RVMPO,RVMPO
13057091102,RVMPO,RVMPO
13057091103,RVMPO,RVMPO
13063040202,RVMPO,RVMPO
13063040203,RVMPO,RVMPO
13063040204,RVMPO,RVMPO
13063040302,RVMPO,RVMPO
13063040303,RVMPO,RVMPO
13063040306,RVMPO,RVMPO
13063040307,RVMPO,RVMPO
13063040308,RVMPO,RVMPO
13063040407,RVMPO,RVMPO
13063040408,RVMPO,RVMPO
13063040409,RVMPO,RVMPO
13063040410,RVMPO,RVMPO
13063040411,RVMPO,RVMPO
13063040412,RVMPO,RVMPO
13063040413,RVMPO,RVMPO
13063040414,RVMPO,RVMPO
13063040415,RVMPO,RVMPO
13063040416,RVMPO,RVMPO
13063040417,RVMPO,RVMPO
13063040509,RVMPO,RVMPO
13063040510,RVMPO,RVMPO
13063040512,RVMPO,RVMPO
13063040513,RVMPO,RVMPO
13063040514,RVMPO,RVMPO
13063040515,RVMPO,RVMPO
13063040516,RVMPO,RVMPO
13063040518,RVMPO,RVMPO
13063040519,RVMPO,RVMPO
13063040520,RVMPO,RVMPO
13063040521,RVMPO,RVMPO
13063040522,RVMPO,RVMPO
13063040523,RVMPO,RVMPO
13063040524,RVMPO,RVMPO
13063040525,RVMPO,RVMPO
13063040526,RVMPO,RVMPO
13063040606,RVMPO,RVMPO
13063040608,RVMPO,RVMPO
13063040609,RVMPO,RVMPO
13063040611,RVMPO,RVMPO
13063040612,RVMPO,RVMPO
13063040613,RVMPO,RVMPO
13063040614,RVMPO,RVMPO
13063040615,RVMPO,RVMPO
13063040616,RVMPO,RVMPO
13063040617,RVMPO,RVMPO
13063040619,RVMPO,RVMPO
13063040620,RVMPO,RVMPO
13063040621,RVMPO,RVMPO
13063040622,RVMPO,RVMPO
13063980000,RVMPO,RVMPO
13067030101,RVMPO,RVMPO
13067030103,RVMPO,RVMPO
13067030104,RVMPO,RVMPO
13067030106,RVMPO,RVMPO
13067030107,RVMPO,RVMPO
13067030209,RVMPO,RVMPO
13067030214,RVMPO,RVMPO
13067030215,RVMPO,RVMPO
13067030218,RVMPO,RVMPO
13067030219,RVMPO,RVMPO
13067030220,RVMPO,RVMPO
13067030222,RVMPO,RVMPO
13067030223,RVMPO,RVMPO
13067030224,RVMPO,RVMPO
13067030226,RVMPO,RVMPO
13067030227,RVMPO,RVMPO
13067030228,RVMPO,RVMPO
13067030229,RVMPO,RVMPO
13067030230,RVMPO,RVMPO
13067030231,RVMPO,RVMPO
13067030232,RVMPO,RVMPO
13067030233,RVMPO,RVMPO
13067030234,RVMPO,RVMPO
13067030235,RVMPO,RVMPO
13067030236,RVMPO,RVMPO
13067030238,RVMPO,RVMPO
13067030239,RVMPO,RVMPO
13067030310,RVMPO,RVMPO
13067030311,RVMPO,RVMPO
13067030312,RVMPO,RVMPO
13067030313,RVMPO,RVMPO
13067030314,RVMPO,RVMPO
13067030318,RVMPO,RVMPO
13067030319,RVMPO,RVMPO
13067030320,RVMPO,RVMPO
13067030322,RVMPO,RVMPO
13067030324,RVMPO,RVMPO
13067030326,RVMPO,RVMPO
13067030327,RVMPO,RVMPO
13067030328,RVMPO,RVMPO
13067030329,RVMPO,RVMPO
13067030330,RVMPO,RVMPO
13067030331,RVMPO,RVMPO
13067030332,RVMPO,RVMPO
13067030333,RVMPO,RVMPO
13067030334,RVMPO,RVMPO
13067030335,RVMPO,RVMPO
13067030336,RVMPO,RVMPO
13067030337,RVMPO,RVMPO
13067030339,RVMPO,RVMPO
13067030340,RVMPO,RVMPO
13067030341,RVMPO,RVMPO
13067030342,RVMPO,RVMPO
13067030343,RVMPO,RVMPO
13067030344,RVMPO,RVMPO
13067030345,RVMPO,RVMPO
13067030405,RVMPO,RVMPO
13067030407,RVMPO,RVMPO
13067030408,RVMPO,RVMPO
13067030409,RVMPO,RVMPO
13067030410,RVMPO,RVMPO
13067030411,RVMPO,RVMPO
13067030412,RVMPO,RVMPO
13067030413,RVMPO,RVMPO
13067030414,RVMPO,RVMPO
13067030502,RVMPO,RVMPO
13067030504,RVMPO,RVMPO
13067030505,RVMPO,RVMPO
13067030506,RVMPO,RVMPO
13067030507,RVMPO,RVMPO
13067030601,RVMPO,RVMPO
13067030602,RVMPO,RVMPO
13067030700,RVMPO,RVMPO
13067030800,RVMPO,RVMPO
13067030901,RVMPO,RVMPO
13067030902,RVMPO,RVMPO
13067030904,RVMPO,RVMPO
13067030905,RVMPO,RVMPO
13067031001,RVMPO,RVMPO
13067031002,RVMPO,RVMPO
13067031004,RVMPO,RVMPO
13067031005,RVMPO,RVMPO
13067031101,RVMPO,RVMPO
13067031106,RVMPO,RVMPO
13067031108,RVMPO,RVMPO
13067031110,RVMPO,RVMPO
13067031111,RVMPO,RVMPO
13067031112,RVMPO,RVMPO
13067031113,RVMPO,RVMPO
13067031114,RVMPO,RVMPO
13067031115,RVMPO,RVMPO
13067031116,RVMPO,RVMPO
13067031117,RVMPO,RVMPO
13067031118,RVMPO,RVMPO
13067031205,RVMPO,RVMPO
13067031206,RVMPO,RVMPO
13067031207,RVMPO,RVMPO
13067031208,RVMPO,RVMPO
13067031209,RVMPO,RVMPO
13067031211,RVMPO,RVMPO
13067031212,RVMPO,RVMPO
13067031306,RVMPO,RVMPO
13067031307,RVMPO,RVMPO
13067031308,RVMPO,RVMPO
13067031309,RVMPO,RVMPO
13067031310,RVMPO,RVMPO
13067031311,RVMPO,RVMPO
13067031312,RVMPO,RVMPO
13067031313,RVMPO,RVMPO
13067031404,RVMPO,RVMPO
13067031405,RVMPO,RVMPO
13067031406,RVMPO,RVMPO
13067031408,RVMPO,RVMPO
13067031409,RVMPO,RVMPO
13067031503,RVMPO,RVMPO
13067031505,RVMPO,RVMPO
13067031506,RVMPO,RVMPO
13067031507,RVMPO,RVMPO
13067031508,RVMPO,RVMPO
13067031509,RVMPO,RVMPO
13077170100,RVMPO,RVMPO
13077170200,RVMPO,RVMPO
13077170303,RVMPO,RVMPO
13077170304,RVMPO,RVMPO
13077170305,RVMPO,RVMPO
13077170306,RVMPO,RVMPO
13077170402,RVMPO,RVMPO
13077170403,RVMPO,RVMPO
13077170404,RVMPO,RVMPO
13077170405,RVMPO,RVMPO
13077170406,RVMPO,RVMPO
13077170501,RVMPO,RVMPO
13077170502,RVMPO,RVMPO
13077170503,RVMPO,RVMPO
13077170601,RVMPO,RVMPO
13077170602,RVMPO,RVMPO
13077170603,RVMPO,RVMPO
13077170700,RVMPO,RVMPO
13077170801,RVMPO,RVMPO
13077170802,RVMPO,RVMPO
13089020100,RVMPO,RVMPO
13089020200,RVMPO,RVMPO
13089020300,RVMPO,RVMPO
13089020400,RVMPO,RVMPO
13089020500,RVMPO,RVMPO
13089020600,RVMPO,RVMPO
13089020700,RVMPO,RVMPO
13089020801,RVMPO,RVMPO
13089020802,RVMPO,RVMPO
13089020900,RVMPO,RVMPO
13089021101,RVMPO,RVMPO
13089021102,RVMPO,RVMPO
13089021202,RVMPO,RVMPO
13089021204,RVMPO,RVMPO
13089021208,RVMPO,RVMPO
13089021209,RVMPO,RVMPO
13089021210,RVMPO,RVMPO
13089021211,RVMPO,RVMPO
13089021213,RVMPO,RVMPO
13089021214,RVMPO,RVMPO
13089021215,RVMPO,RVMPO
13089021216,RVMPO,RVMPO
13089021217,RVMPO,RVMPO
13089021218,RVMPO,RVMPO
13089021301,RVMPO,RVMPO
13089021303,RVMPO,RVMPO
13089021305,RVMPO,RVMPO
13089021306,RVMPO,RVMPO
13089021307,RVMPO,RVMPO
13089021308,RVMPO,RVMPO
13089021405,RVMPO,RVMPO
13089021409,RVMPO,RVMPO
13089021410,RVMPO,RVMPO
13089021411,RVMPO,RVMPO
13089021412,RVMPO,RVMPO
13089021413,RVMPO,RVMPO
13089021414,RVMPO,RVMPO
13089021415,RVMPO,RVMPO
13089021416,RVMPO,RVMPO
13089021417,RVMPO,RVMPO
13089021502,RVMPO,RVMPO
13089021503,RVMPO,RVMPO
13089021504,RVMPO,RVMPO
13089021602,RVMPO,RVMPO
13089021603,RVMPO,RVMPO
13089021604,RVMPO,RVMPO
13089021605,RVMPO,RVMPO
13089021703,RVMPO,RVMPO
13089021704,RVMPO,RVMPO
13089021705,RVMPO,RVMPO
13089021706,RVMPO,RVMPO
13089021805,RVMPO,RVMPO
13089021806,RVMPO,RVMPO
13089021808,RVMPO,RVMPO
13089021809,RVMPO,RVMPO
13089021810,RVMPO,RVMPO
13089021812,RVMPO,RVMPO
13089021813,RVMPO,RVMPO
13089021814,RVMPO,RVMPO
13089021906,RVMPO,RVMPO
13089021907,RVMPO,RVMPO
13089021908,RVMPO,RVMPO
13089021909,RVMPO,RVMPO
13089021910,RVMPO,RVMPO
13089021911,RVMPO,RVMPO
13089021912,RVMPO,RVMPO
13089021913,RVMPO,RVMPO
13089022001,RVMPO,RVMPO
13089022004,RVMPO,RVMPO
13089022005,RVMPO,RVMPO
13089022007,RVMPO,RVMPO
13089022008,RVMPO,RVMPO
13089022009,RVMPO,RVMPO
13089022010,RVMPO,RVMPO
13089022100,RVMPO,RVMPO
13089022203,RVMPO,RVMPO
13089022204,RVMPO,RVMPO
13089022301,RVMPO,RVMPO
13089022302,RVMPO,RVMPO
13089022401,RVMPO,RVMPO
13089022402,RVMPO,RVMPO
13089022403,RVMPO,RVMPO
13089022500,RVMPO,RVMPO
13089022600,RVMPO,RVMPO
13089022700,RVMPO,RVMPO
13089022800,RVMPO,RVMPO
13089022900,RVMPO,RVMPO
13089023000,RVMPO,RVMPO
13089023101,RVMPO,RVMPO
13089023102,RVMPO,RVMPO
13089023107,RVMPO,RVMPO
13089023108,RVMPO,RVMPO
13089023111,RVMPO,RVMPO
13089023112,RVMPO,RVMPO
13089023113,RVMPO,RVMPO
13089023114,RVMPO,RVMPO
13089023115,RVMPO,RVMPO
13089023204,RVMPO,RVMPO
13089023206,RVMPO,RVMPO
13089023208,RVMPO,RVMPO
13089023209,RVMPO,RVMPO
13089023210,RVMPO,RVMPO
13089023211,RVMPO,RVMPO
13089023212,RVMPO,RVMPO
13089023213,RVMPO,RVMPO
13089023214,RVMPO,RVMPO
13089023303,RVMPO,RVMPO
13089023306,RVMPO,RVMPO
13089023309,RVMPO,RVMPO
13089023310,RVMPO,RVMPO
13089023311,RVMPO,RVMPO
13089023312,RVMPO,RVMPO
13089023313,RVMPO,RVMPO
13089023314,RVMPO,RVMPO
13089023315,RVMPO,RVMPO
13089023316,RVMPO,RVMPO
13089023410,RVMPO,RVMPO
13089023411,RVMPO,RVMPO
13089023412,RVMPO,RVMPO
13089023413,RVMPO,RVMPO
13089023414,RVMPO,RVMPO
13089023416,RVMPO,RVMPO
13089023418,RVMPO,RVMPO
13089023419,RVMPO,RVMPO
13089023421,RVMPO,RVMPO
13089023422,RVMPO,RVMPO
13089023423,RVMPO,RVMPO
13089023424,RVMPO,RVMPO
13089023425,RVMPO,RVMPO
13089023426,RVMPO,RVMPO
13089023427,RVMPO,RVMPO
13089023428,RVMPO,RVMPO
13089023501,RVMPO,RVMPO
13089023504,RVMPO,RVMPO
13089023505,RVMPO,RVMPO
13089023506,RVMPO,RVMPO
13089023507,RVMPO,RVMPO
13089023601,RVMPO,RVMPO
13089023602,RVMPO,RVMPO
13089023603,RVMPO,RVMPO
13089023700,RVMPO,RVMPO
13089023801,RVMPO,RVMPO
13089023802,RVMPO,RVMPO
13089023803,RVMPO,RVMPO
13089980000,RVMPO,RVMPO
13097080102,RVMPO,RVMPO
13097080103,RVMPO,RVMPO
13097080201,RVMPO,RVMPO
13097080202,RVMPO,RVMPO
13097080301,RVMPO,RVMPO
13097080303,RVMPO,RVMPO
13097080304,RVMPO,RVMPO
13097080402,RVMPO,RVMPO
13097080403,RVMPO,RVMPO
13097080404,RVMPO,RVMPO
13097080505,RVMPO,RVMPO
13097080506,RVMPO,RVMPO
13097080507,RVMPO,RVMPO
13097080508,RVMPO,RVMPO
13097080509,RVMPO,RVMPO
13097080510,RVMPO,RVMPO
13097080511,RVMPO,RVMPO
13097080602,RVMPO,RVMPO
13097080603,RVMPO,RVMPO
13097080604,RVMPO,RVMPO
13113140101,RVMPO,RVMPO
13113140102,RVMPO,RVMPO
13113140203,RVMPO,RVMPO
13113140204,RVMPO,RVMPO
13113140206,RVMPO,RVMPO
13113140207,RVMPO,RVMPO
13113140208,RVMPO,RVMPO
13113140303,RVMPO,RVMPO
13113140304,RVMPO,RVMPO
13113140305,RVMPO,RVMPO
13113140306,RVMPO,RVMPO
13113140307,RVMPO,RVMPO
13113140403,RVMPO,RVMPO
13113140404,RVMPO,RVMPO
13113140405,RVMPO,RVMPO
13113140406,RVMPO,RVMPO
13113140407,RVMPO,RVMPO
13113140408,RVMPO,RVMPO
13113140501,RVMPO,RVMPO
13113140502,RVMPO,RVMPO
13117130101,RVMPO,RVMPO
13117130102,RVMPO,RVMPO
13117130103,RVMPO,RVMPO
13117130104,RVMPO,RVMPO
13117130105,RVMPO,RVMPO
13117130201,RVMPO,RVMPO
13117130202,RVMPO,RVMPO
13117130203,RVMPO,RVMPO
13117130204,RVMPO,RVMPO
13117130205,RVMPO,RVMPO
13117130301,RVMPO,RVMPO
13117130302,RVMPO,RVMPO
13117130303,RVMPO,RVMPO
13117130304,RVMPO,RVMPO
13117130305,RVMPO,RVMPO
13117130306,RVMPO,RVMPO
13117130307,RVMPO,RVMPO
13117130403,RVMPO,RVMPO
13117130404,RVMPO,RVMPO
13117130405,RVMPO,RVMPO
13117130406,RVMPO,RVMPO
13117130408,RVMPO,RVMPO
13117130409,RVMPO,RVMPO
13117130410,RVMPO,RVMPO
13117130503,RVMPO,RVMPO
13117130504,RVMPO,RVMPO
13117130505,RVMPO,RVMPO
13117130506,RVMPO,RVMPO
13117130507,RVMPO,RVMPO
13117130508,RVMPO,RVMPO
13117130509,RVMPO,RVMPO
13117130510,RVMPO,RVMPO
13117130601,RVMPO,RVMPO
13117130602,RVMPO,RVMPO
13117130603,RVMPO,RVMPO
13117130604,RVMPO,RVMPO
13117130605,RVMPO,RVMPO
13117130606,RVMPO,RVMPO
13117130607,RVMPO,RVMPO
13117130608,RVMPO,RVMPO
13117130609,RVMPO,RVMPO
13117130610,RVMPO,RVMPO
13117130611,RVMPO,RVMPO
13117130612,RVMPO,RVMPO
13117130613,RVMPO,RVMPO
13121000100,RVMPO,RVMPO
13121000200,RVMPO,RVMPO
13121000400,RVMPO,RVMPO
13121000500,RVMPO,RVMPO
13121000600,RVMPO,RVMPO
13121000700,RVMPO,RVMPO
13121001001,RVMPO,RVMPO
13121001002,RVMPO,RVMPO
13121001100,RVMPO,RVMPO
13121001201,RVMPO,RVMPO
13121001202,RVMPO,RVMPO
13121001300,RVMPO,RVMPO
13121001400,RVMPO,RVMPO
13121001500,RVMPO,RVMPO
13121001600,RVMPO,RVMPO
13121001700,RVMPO,RVMPO
13121001800,RVMPO,RVMPO
13121001900,RVMPO,RVMPO
13121002100,RVMPO,RVMPO
13121002300,RVMPO,RVMPO
13121002400,RVMPO,RVMPO
13121002500,RVMPO,RVMPO
13121002600,RVMPO,RVMPO
13121002800,RVMPO,RVMPO
13121002900,RVMPO,RVMPO
13121003000,RVMPO,RVMPO
13121003100,RVMPO,RVMPO
13121003200,RVMPO,RVMPO
13121003500,RVMPO,RVMPO
13121003600,RVMPO,RVMPO
13121003700,RVMPO,RVMPO
13121003800,RVMPO,RVMPO
13121003900,RVMPO,RVMPO
13121004000,RVMPO,RVMPO
13121004100,RVMPO,RVMPO
13121004200,RVMPO,RVMPO
13121004300,RVMPO,RVMPO
13121004400,RVMPO,RVMPO
13121004800,RVMPO,RVMPO
13121004900,RVMPO,RVMPO
13121005000,RVMPO,RVMPO
13121005200,RVMPO,RVMPO
13121005300,RVMPO,RVMPO
13121005501,RVMPO,RVMPO
13121005502,RVMPO,RVMPO
13121005700,RVMPO,RVMPO
13121005800,RVMPO,RVMPO
13121006000,RVMPO,RVMPO
13121006100,RVMPO,RVMPO
13121006200,RVMPO,RVMPO
13121006300,RVMPO,RVMPO
13121006400,RVMPO,RVMPO
13121006500,RVMPO,RVMPO
13121006601,RVMPO,RVMPO
13121006602,RVMPO,RVMPO
13121006700,RVMPO,RVMPO
13121006801,RVMPO,RVMPO
13121006802,RVMPO,RVMPO
13121006900,RVMPO,RVMPO
13121007001,RVMPO,RVMPO
13121007002,RVMPO,RVMPO
13121007100,RVMPO,RVMPO
13121007200,RVMPO,RVMPO
13121007300,RVMPO,RVMPO
13121007400,RVMPO,RVMPO
13121007500,RVMPO,RVMPO
13121007602,RVMPO,RVMPO
13121007603,RVMPO,RVMPO
13121007604,RVMPO,RVMPO
13121007703,RVMPO,RVMPO
13121007704,RVMPO,RVMPO
13121007705,RVMPO,RVMPO
13121007706,RVMPO,RVMPO
13121007802,RVMPO,RVMPO
13121007805,RVMPO,RVMPO
13121007806,RVMPO,RVMPO
13121007807,RVMPO,RVMPO
13121007808,RVMPO,RVMPO
13121007900,RVMPO,RVMPO
13121008000,RVMPO,RVMPO
13121008101,RVMPO,RVMPO
13121008102,RVMPO,RVMPO
13121008201,RVMPO,RVMPO
13121008202,RVMPO,RVMPO
13121008301,RVMPO,RVMPO
13121008302,RVMPO,RVMPO
13121008400,RVMPO,RVMPO
13121008500,RVMPO,RVMPO
13121008601,RVMPO,RVMPO
13121008602,RVMPO,RVMPO
13121008700,RVMPO,RVMPO
13121008800,RVMPO,RVMPO
13121008902,RVMPO,RVMPO
13121008903,RVMPO,RVMPO
13121008904,RVMPO,RVMPO
13121009000,RVMPO,RVMPO
13121009101,RVMPO,RVMPO
13121009102,RVMPO,RVMPO
13121009200,RVMPO,RVMPO
13121009300,RVMPO,RVMPO
13121009402,RVMPO,RVMPO
13121009403,RVMPO,RVMPO
13121009404,RVMPO,RVMPO
13121009501,RVMPO,RVMPO
13121009502,RVMPO,RVMPO
13121009601,RVMPO,RVMPO
13121009602,RVMPO,RVMPO
13121009603,RVMPO,RVMPO
13121009700,RVMPO,RVMPO
13121009801,RVMPO,RVMPO
13121009802,RVMPO,RVMPO
13121009900,RVMPO,RVMPO
13121010001,RVMPO,RVMPO
13121010002,RVMPO,RVMPO
13121010106,RVMPO,RVMPO
13121010107,RVMPO,RVMPO
13121010108,RVMPO,RVMPO
13121010110,RVMPO,RVMPO
13121010113,RVMPO,RVMPO
13121010114,RVMPO,RVMPO
13121010115,RVMPO,RVMPO
13121010117,RVMPO,RVMPO
13121010118,RVMPO,RVMPO
13121010119,RVMPO,RVMPO
13121010120,RVMPO,RVMPO
13121010121,RVMPO,RVMPO
13121010122,RVMPO,RVMPO
13121010123,RVMPO,RVMPO
13121010204,RVMPO,RVMPO
13121010205,RVMPO,RVMPO
13121010206,RVMPO,RVMPO
13121010208,RVMPO,RVMPO
13121010209,RVMPO,RVMPO
13121010210,RVMPO,RVMPO
13121010211,RVMPO,RVMPO
13121010212,RVMPO,RVMPO
13121010301,RVMPO,RVMPO
13121010303,RVMPO,RVMPO
13121010304,RVMPO,RVMPO
13121010400,RVMPO,RVMPO
13121010507,RVMPO,RVMPO
13121010508,RVMPO,RVMPO
13121010510,RVMPO,RVMPO
13121010511,RVMPO,RVMPO
13121010512,RVMPO,RVMPO
13121010513,RVMPO,RVMPO
13121010514,RVMPO,RVMPO
13121010515,RVMPO,RVMPO
13121010516,RVMPO,RVMPO
13121010601,RVMPO,RVMPO
13121010603,RVMPO,RVMPO
13121010604,RVMPO,RVMPO
13121010800,RVMPO,RVMPO
13121011000,RVMPO,RVMPO
13121011100,RVMPO,RVMPO
13121011201,RVMPO,RVMPO
13121011202,RVMPO,RVMPO
13121011301,RVMPO,RVMPO
13121011303,RVMPO,RVMPO
13121011305,RVMPO,RVMPO
13121011306,RVMPO,RVMPO
13121011405,RVMPO,RVMPO
13121011410,RVMPO,RVMPO
13121011411,RVMPO,RVMPO
13121011412,RVMPO,RVMPO
13121011414,RVMPO,RVMPO
13121011416,RVMPO,RVMPO
13121011417,RVMPO,RVMPO
13121011418,RVMPO,RVMPO
13121011419,RVMPO,RVMPO
13121011420,RVMPO,RVMPO
13121011421,RVMPO,RVMPO
13121011422,RVMPO,RVMPO
13121011423,RVMPO,RVMPO
13121011424,RVMPO,RVMPO
13121011425,RVMPO,RVMPO
13121011426,RVMPO,RVMPO
13121011427,RVMPO,RVMPO
13121011503,RVMPO,RVMPO
13121011504,RVMPO,RVMPO
13121011505,RVMPO,RVMPO
13121011506,RVMPO,RVMPO
13121011610,RVMPO,RVMPO
13121011611,RVMPO,RVMPO
13121011612,RVMPO,RVMPO
13121011613,RVMPO,RVMPO
13121011614,RVMPO,RVMPO
13121011615,RVMPO,RVMPO
13121011616,RVMPO,RVMPO
13121011617,RVMPO,RVMPO
13121011618,RVMPO,RVMPO
13121011619,RVMPO,RVMPO
13121011620,RVMPO,RVMPO
13121011621,RVMPO,RVMPO
13121011622,RVMPO,RVMPO
13121011623,RVMPO,RVMPO
13121011624,RVMPO,RVMPO
13121011625,RVMPO,RVMPO
13121011626,RVMPO,RVMPO
13121011800,RVMPO,RVMPO
13121011900,RVMPO,RVMPO
13121012000,RVMPO,RVMPO
13121012300,RVMPO,RVMPO
13121980000,RVMPO,RVMPO
13135050103,RVMPO,RVMPO
13135050105,RVMPO,RVMPO
13135050106,RVMPO,RVMPO
13135050107,RVMPO,RVMPO
13135050108,RVMPO,RVMPO
13135050109,RVMPO,RVMPO
13135050205,RVMPO,RVMPO
13135050208,RVMPO,RVMPO
13135050209,RVMPO,RVMPO
13135050210,RVMPO,RVMPO
13135050211,RVMPO,RVMPO
13135050212,RVMPO,RVMPO
13135050213,RVMPO,RVMPO
13135050214,RVMPO,RVMPO
13135050215,RVMPO,RVMPO
13135050216,RVMPO,RVMPO
13135050217,RVMPO,RVMPO
13135050218,RVMPO,RVMPO
13135050219,RVMPO,RVMPO
13135050220,RVMPO,RVMPO
13135050304,RVMPO,RVMPO
13135050306,RVMPO,RVMPO
13135050308,RVMPO,RVMPO
13135050309,RVMPO,RVMPO
13135050310,RVMPO,RVMPO
13135050311,RVMPO,RVMPO
13135050313,RVMPO,RVMPO
13135050314,RVMPO,RVMPO
13135050315,RVMPO,RVMPO
13135050317,RVMPO,RVMPO
13135050318,RVMPO,RVMPO
13135050319,RVMPO,RVMPO
13135050320,RVMPO,RVMPO
13135050321,RVMPO,RVMPO
13135050322,RVMPO,RVMPO
13135050410,RVMPO,RVMPO
13135050415,RVMPO,RVMPO
13135050416,RVMPO,RVMPO
13135050417,RVMPO,RVMPO
13135050418,RVMPO,RVMPO
13135050419,RVMPO,RVMPO
13135050421,RVMPO,RVMPO
13135050422,RVMPO,RVMPO
13135050423,RVMPO,RVMPO
13135050424,RVMPO,RVMPO
13135050425,RVMPO,RVMPO
13135050426,RVMPO,RVMPO
13135050427,RVMPO,RVMPO
13135050428,RVMPO,RVMPO
13135050429,RVMPO,RVMPO
13135050430,RVMPO,RVMPO
13135050431,RVMPO,RVMPO
13135050432,RVMPO,RVMPO
13135050433,RVMPO,RVMPO
13135050434,RVMPO,RVMPO
13135050435,RVMPO,RVMPO
13135050436,RVMPO,RVMPO
13135050511,RVMPO,RVMPO
13135050520,RVMPO,RVMPO
13135050521,RVMPO,RVMPO
13135050522,RVMPO,RVMPO
13135050523,RVMPO,RVMPO
13135050524,RVMPO,RVMPO
13135050525,RVMPO,RVMPO
13135050526,RVMPO,RVMPO
13135050527,RVMPO,RVMPO
13135050528,RVMPO,RVMPO
13135050529,RVMPO,RVMPO
13135050530,RVMPO,RVMPO
13135050531,RVMPO,RVMPO
13135050532,RVMPO,RVMPO
13135050533,RVMPO,RVMPO
13135050534,RVMPO,RVMPO
13135050535,RVMPO,RVMPO
13135050536,RVMPO,RVMPO
13135050537,RVMPO,RVMPO
13135050538,RVMPO,RVMPO
13135050539,RVMPO,RVMPO
13135050540,RVMPO,RVMPO
13135050541,RVMPO,RVMPO
13135050542,RVMPO,RVMPO
13135050543,RVMPO,RVMPO
13135050544,RVMPO,RVMPO
13135050545,RVMPO,RVMPO
13135050546,RVMPO,RVMPO
13135050547,RVMPO,RVMPO
13135050548,RVMPO,RVMPO
13135050549,RVMPO,RVMPO
13135050605,RVMPO,RVMPO
13135050606,RVMPO,RVMPO
13135050607,RVMPO,RVMPO
13135050608,RVMPO,RVMPO
13135050609,RVMPO,RVMPO
13135050610,RVMPO,RVMPO
13135050709,RVMPO,RVMPO
13135050712,RVMPO,RVMPO
13135050713,RVMPO,RVMPO
13135050714,RVMPO,RVMPO
13135050715,RVMPO,RVMPO
13135050718,RVMPO,RVMPO
13135050719,RVMPO,RVMPO
13135050720,RVMPO,RVMPO
13135050721,RVMPO,RVMPO
13135050722,RVMPO,RVMPO
13135050723,RVMPO,RVMPO
13135050724,RVMPO,RVMPO
13135050725,RVMPO,RVMPO
13135050726,RVMPO,RVMPO
13135050727,RVMPO,RVMPO
13135050728,RVMPO,RVMPO
13135050729,RVMPO,RVMPO
13135050730,RVMPO,RVMPO
13135050731,RVMPO,RVMPO
13139000101,RVMPO,RVMPO
13139000102,RVMPO,RVMPO
13139000201,RVMPO,RVMPO
13139000203,RVMPO,RVMPO
13139000204,RVMPO,RVMPO
13139000302,RVMPO,RVMPO
13139000303,RVMPO,RVMPO
13139000304,RVMPO,RVMPO
13139000305,RVMPO,RVMPO
13139000400,RVMPO,RVMPO
13139000500,RVMPO,RVMPO
13139000600,RVMPO,RVMPO
13139000701,RVMPO,RVMPO
13139000702,RVMPO,RVMPO
13139000800,RVMPO,RVMPO
13139000900,RVMPO,RVMPO
13139001002,RVMPO,RVMPO
13139001003,RVMPO,RVMPO
13139001004,RVMPO,RVMPO
13139001101,RVMPO,RVMPO
13139001102,RVMPO,RVMPO
13139001201,RVMPO,RVMPO
13139001202,RVMPO,RVMPO
13139001301,RVMPO,RVMPO
13139001302,RVMPO,RVMPO
13139001402,RVMPO,RVMPO
13139001403,RVMPO,RVMPO
13139001404,RVMPO,RVMPO
13139001501,RVMPO,RVMPO
13139001502,RVMPO,RVMPO
13139001603,RVMPO,RVMPO
13139001604,RVMPO,RVMPO
13139001605,RVMPO,RVMPO
13139001606,RVMPO,RVMPO
13139001607,RVMPO,RVMPO
13139001608,RVMPO,RVMPO
13151070104,RVMPO,RVMPO
13151070106,RVMPO,RVMPO
13151070107,RVMPO,RVMPO
13151070108,RVMPO,RVMPO
13151070109,RVMPO,RVMPO
13151070110,RVMPO,RVMPO
13151070111,RVMPO,RVMPO
13151070113,RVMPO,RVMPO
13151070114,RVMPO,RVMPO
13151070202,RVMPO,RVMPO
13151070203,RVMPO,RVMPO
13151070204,RVMPO,RVMPO
13151070205,RVMPO,RVMPO
13151070304,RVMPO,RVMPO
13151070305,RVMPO,RVMPO
13151070306,RVMPO,RVMPO
13151070307,RVMPO,RVMPO
13151070309,RVMPO,RVMPO
13151070310,RVMPO,RVMPO
13151070311,RVMPO,RVMPO
13151070402,RVMPO,RVMPO
13151070403,RVMPO,RVMPO
13151070404,RVMPO,RVMPO
13151070501,RVMPO,RVMPO
13151070502,RVMPO,RVMPO
13217100100,RVMPO,RVMPO
13217100201,RVMPO,RVMPO
13217100202,RVMPO,RVMPO
13217100300,RVMPO,RVMPO
13217100400,RVMPO,RVMPO
13217100501,RVMPO,RVMPO
13217100502,RVMPO,RVMPO
13217100600,RVMPO,RVMPO
13217100700,RVMPO,RVMPO
13217100800,RVMPO,RVMPO
13217100901,RVMPO,RVMPO
13217100902,RVMPO,RVMPO
13217100903,RVMPO,RVMPO
13223120101,RVMPO,RVMPO
13223120102,RVMPO,RVMPO
13223120103,RVMPO,RVMPO
13223120104,RVMPO,RVMPO
13223120202,RVMPO,RVMPO
13223120203,RVMPO,RVMPO
13223120204,RVMPO,RVMPO
13223120301,RVMPO,RVMPO
13223120302,RVMPO,RVMPO
13223120303,RVMPO,RVMPO
13223120400,RVMPO,RVMPO
13223120501,RVMPO,RVMPO
13223120502,RVMPO,RVMPO
13223120503,RVMPO,RVMPO
13223120601,RVMPO,RVMPO
13223120602,RVMPO,RVMPO
13223120603,RVMPO,RVMPO
13223120604,RVMPO,RVMPO
13223120605,RVMPO,RVMPO
13247060101,RVMPO,RVMPO
13247060102,RVMPO,RVMPO
13247060201,RVMPO,RVMPO
13247060202,RVMPO,RVMPO
13247060304,RVMPO,RVMPO
13247060305,RVMPO,RVMPO
13247060306,RVMPO,RVMPO
13247060307,RVMPO,RVMPO
13247060308,RVMPO,RVMPO
13247060309,RVMPO,RVMPO
13247060403,RVMPO,RVMPO
13247060404,RVMPO,RVMPO
13247060405,RVMPO,RVMPO
13247060406,RVMPO,RVMPO
13247060407,RVMPO,RVMPO
13255160100,RVMPO,RVMPO
13255160200,RVMPO,RVMPO
13255160300,RVMPO,RVMPO
13255160400,RVMPO,RVMPO
13255160500,RVMPO,RVMPO
13255160600,RVMPO,RVMPO
13255160700,RVMPO,RVMPO
13255160800,RVMPO,RVMPO
13255160900,RVMPO,RVMPO
13255161000,RVMPO,RVMPO
13255161100,RVMPO,RVMPO
13255161200,RVMPO,RVMPO
13297110100,RVMPO,RVMPO
13297110200,RVMPO,RVMPO
13297110300,RVMPO,RVMPO
13297110400,RVMPO,RVMPO
13297110503,RVMPO,RVMPO
13297110504,RVMPO,RVMPO
13297110505,RVMPO,RVMPO
13297110506,RVMPO,RVMPO
13297110507,RVMPO,RVMPO
13297110508,RVMPO,RVMPO
13297110601,RVMPO,RVMPO
13297110602,RVMPO,RVMPO
13297110603,RVMPO,RVMPO
13297110700,RVMPO,RVMPO
13297110800,RVMPO,RVMPO
